method,dataset,ratio,seed,oa,aa,macro_f1,kappa,ncm_pp,max_drop_pp,harmed,benefited,d_oa_vs_sup_pp,missing
Supervised,gf3,0.1,42,86.0,86.0,85.549,83.2,0.0,0.0,0,0,0.0,0
Supervised,flevoland,0.1,42,81.115,80.698,79.571,79.75,0.0,0.0,0,0,0.0,0
Supervised,gf3,0.1,43,87.5,87.5,87.407,85.0,0.0,0.0,0,0,0.0,0
Supervised,flevoland,0.1,43,81.355,81.201,81.591,80.017,0.0,0.0,0,0,0.0,0
Supervised,gf3,0.5,42,90.083,90.083,90.183,88.1,0.0,0.0,0,0,0.0,0
Supervised,flevoland,0.5,42,91.331,90.797,91.066,90.705,0.0,0.0,0,0,0.0,0
Supervised,gf3,0.5,43,88.833,88.833,88.505,86.6,0.0,0.0,0,0,0.0,0
Supervised,flevoland,0.5,43,92.886,92.69,92.769,92.376,0.0,0.0,0,0,0.0,0
Supervised,gf3,1.0,42,94.333,94.333,94.345,93.2,0.0,0.0,0,0,0.0,0
Supervised,flevoland,1.0,42,94.561,94.026,94.192,94.168,0.0,0.0,0,0,0.0,0
Supervised,gf3,1.0,43,92.417,92.417,92.349,90.9,0.0,0.0,0,0,0.0,0
Supervised,flevoland,1.0,43,96.072,96.062,96.09,95.791,0.0,0.0,0,0,0.0,0
Soft-PL (candidate),gf3,0.1,42,87.125,87.125,87.289,,10.25,5.5,3,2,1.125,0
Soft-PL (candidate),flevoland,0.1,42,86.775,86.262,86.279,,40.0,21.5,4,10,5.66,0
Soft-PL (candidate),gf3,0.1,43,84.25,84.25,83.461,,31.25,24.0,4,2,-3.25,0
Soft-PL (candidate),flevoland,0.1,43,89.245,89.271,89.419,,19.5,9.5,4,10,7.889,0
Soft-PL (candidate),gf3,0.5,42,89.208,89.208,89.33,,10.5,5.75,2,3,-0.875,0
Soft-PL (candidate),flevoland,0.5,42,94.204,93.71,93.863,,6.0,2.5,3,12,2.873,0
Soft-PL (candidate),gf3,0.5,43,91.208,91.208,91.126,,9.5,9.5,1,5,2.375,0
Soft-PL (candidate),flevoland,0.5,43,95.634,95.485,95.541,,5.75,3.0,2,10,2.748,0
Soft-PL (candidate),gf3,1.0,42,93.75,93.75,93.704,,6.5,3.75,2,2,-0.583,0
Soft-PL (candidate),flevoland,1.0,42,96.039,95.497,95.672,,7.0,5.5,3,11,1.479,0
Soft-PL (candidate),gf3,1.0,43,91.0,91.0,90.976,,12.5,8.75,4,1,-1.417,0
Soft-PL (candidate),flevoland,1.0,43,96.494,96.472,96.506,,16.852,10.0,6,7,0.421,0
Random,gf3,0.1,42,85.667,85.667,85.459,82.8,14.5,5.75,4,1,-0.333,0
Random,flevoland,0.1,42,91.586,90.854,91.08,90.977,10.154,5.654,5,10,10.471,0
Random,gf3,0.1,43,86.292,86.292,86.172,83.55,16.0,9.25,3,2,-1.208,0
Random,flevoland,0.1,43,92.38,92.204,92.277,91.834,16.75,15.0,2,13,11.025,0
Random,gf3,0.5,42,90.833,90.833,90.835,89.0,8.75,8.75,1,3,0.75,0
Random,flevoland,0.5,42,92.317,91.867,91.926,91.762,34.75,19.75,5,9,0.986,0
Random,gf3,0.5,43,90.792,90.792,90.757,88.95,15.0,13.75,2,3,1.958,0
Random,flevoland,0.5,43,95.415,95.31,95.372,95.086,13.75,5.25,5,10,2.529,0
Random,gf3,1.0,42,94.167,94.167,94.186,93.0,6.75,5.75,2,3,-0.167,0
Random,flevoland,1.0,42,95.988,95.467,95.644,95.699,2.5,1.5,3,8,1.428,0
Random,gf3,1.0,43,93.458,93.458,93.431,92.15,0.25,0.25,1,2,1.042,0
Random,flevoland,1.0,43,97.084,96.987,97.037,96.875,13.627,6.627,4,9,1.011,0
Entropy,gf3,0.1,42,88.708,88.708,88.606,86.45,4.5,4.5,1,5,2.708,0
Entropy,flevoland,0.1,42,90.328,89.821,89.76,89.629,1.75,1.0,2,13,9.213,0
Entropy,gf3,0.1,43,90.5,90.5,90.537,88.6,5.25,2.75,3,3,3.0,0
Entropy,flevoland,0.1,43,90.121,89.909,89.795,89.412,15.0,6.5,4,11,8.766,0
Entropy,gf3,0.5,42,93.958,93.958,93.982,92.75,1.25,1.25,1,4,3.875,0
Entropy,flevoland,0.5,42,93.864,93.356,93.531,93.421,9.25,7.5,2,13,2.533,0
Entropy,gf3,0.5,43,93.417,93.417,93.392,92.1,16.5,15.0,2,4,4.583,0
Entropy,flevoland,0.5,43,95.111,94.924,95.024,94.761,17.75,11.5,5,10,2.225,0
Entropy,gf3,1.0,42,95.792,95.792,95.814,94.95,2.5,1.5,2,3,1.458,0
Entropy,flevoland,1.0,42,96.124,95.58,95.729,95.845,5.75,4.0,3,12,1.564,0
Entropy,gf3,1.0,43,93.833,93.833,93.736,92.6,1.5,1.5,1,4,1.417,0
Entropy,flevoland,1.0,43,97.117,96.962,97.038,96.911,17.997,11.747,5,9,1.045,0
Entropy+Diversity,gf3,0.1,42,90.958,90.958,90.996,89.15,7.5,4.75,3,3,4.958,0
Entropy+Diversity,flevoland,0.1,42,93.643,93.05,93.239,93.183,3.0,2.25,2,13,12.528,0
Entropy+Diversity,gf3,0.1,43,88.0,88.0,87.541,85.6,16.0,12.25,2,3,0.5,0
Entropy+Diversity,flevoland,0.1,43,93.324,93.154,93.308,92.846,3.25,2.5,2,13,11.969,0
Entropy+Diversity,gf3,0.5,42,93.375,93.375,93.372,92.05,2.25,2.25,1,4,3.292,0
Entropy+Diversity,flevoland,0.5,42,96.005,95.635,95.783,95.717,1.25,0.75,2,12,4.674,0
Entropy+Diversity,gf3,0.5,43,92.458,92.458,92.517,90.95,8.25,4.75,2,3,3.625,0
Entropy+Diversity,flevoland,0.5,43,95.769,95.588,95.657,95.465,5.0,4.25,3,10,2.883,0
Entropy+Diversity,gf3,1.0,42,94.333,94.333,94.316,93.2,14.5,12.75,2,3,0.0,0
Entropy+Diversity,flevoland,1.0,42,96.328,95.766,95.936,96.063,5.25,2.25,4,11,1.768,0
Entropy+Diversity,gf3,1.0,43,94.833,94.833,94.8,93.8,4.0,3.5,2,3,2.417,0
Entropy+Diversity,flevoland,1.0,43,97.37,97.376,97.384,97.182,16.25,9.0,4,11,1.298,0
TOD-Acq-CV,gf3,0.1,42,89.917,89.917,89.883,87.9,5.75,5.0,2,3,3.917,0
TOD-Acq-CV,flevoland,0.1,42,91.195,90.65,90.794,90.559,8.5,4.5,3,12,10.08,0
TOD-Acq-CV,gf3,0.1,43,88.708,88.708,88.375,86.45,2.0,2.0,1,4,1.208,0
TOD-Acq-CV,flevoland,0.1,43,84.457,83.906,82.092,83.337,85.928,50.5,3,11,3.102,0
TOD-Acq-CV,gf3,0.5,42,91.667,91.667,91.664,90.0,2.75,2.75,1,4,1.583,0
TOD-Acq-CV,flevoland,0.5,42,94.544,94.078,94.282,94.15,3.75,1.5,4,11,3.213,0
TOD-Acq-CV,gf3,0.5,43,92.75,92.75,92.703,91.3,7.0,7.0,1,3,3.917,0
TOD-Acq-CV,flevoland,0.5,43,92.111,91.466,91.196,91.542,56.611,40.361,3,11,-0.775,0
TOD-Acq-CV,gf3,1.0,42,94.542,94.542,94.597,93.45,7.5,5.5,2,3,0.208,0
TOD-Acq-CV,flevoland,1.0,42,95.801,95.284,95.447,95.498,6.0,2.75,4,10,1.241,0
TOD-Acq-CV,gf3,1.0,43,93.083,93.083,93.127,91.7,8.25,6.75,2,3,0.667,0
TOD-Acq-CV,flevoland,1.0,43,96.156,96.084,96.152,95.881,24.922,10.25,7,6,0.084,0
MSSAL-PM-CV,gf3,0.1,42,88.625,88.625,88.7,86.35,11.25,9.25,2,3,2.625,0
MSSAL-PM-CV,flevoland,0.1,42,84.821,84.159,84.595,83.722,69.584,24.0,6,9,3.706,0
MSSAL-PM-CV,gf3,0.1,43,90.208,90.208,90.359,88.25,5.0,4.75,2,2,2.708,0
MSSAL-PM-CV,flevoland,0.1,43,85.587,85.422,85.574,84.552,47.5,16.75,6,9,4.231,0
MSSAL-PM-CV,gf3,0.5,42,91.542,91.542,91.511,89.85,4.5,4.25,2,3,1.458,0
MSSAL-PM-CV,flevoland,0.5,42,93.286,92.604,92.786,92.8,15.654,5.654,6,9,1.955,0
MSSAL-PM-CV,gf3,0.5,43,92.667,92.667,92.633,91.2,14.25,13.25,2,4,3.833,0
MSSAL-PM-CV,flevoland,0.5,43,95.364,95.246,95.316,95.032,11.0,4.25,4,10,2.478,0
MSSAL-PM-CV,gf3,1.0,42,94.5,94.5,94.523,93.4,9.5,8.75,2,3,0.167,0
MSSAL-PM-CV,flevoland,1.0,42,92.045,91.104,91.208,91.468,68.572,23.322,9,6,-2.516,0
MSSAL-PM-CV,gf3,1.0,43,94.75,94.75,94.79,93.7,2.5,1.75,2,3,2.333,0
MSSAL-PM-CV,flevoland,1.0,43,96.73,96.736,96.635,96.496,24.5,18.5,6,9,0.657,0
UTG-SC,gf3,0.1,42,90.333,90.333,90.265,88.4,0.0,0.0,0,5,4.333,0
UTG-SC,flevoland,0.1,42,89.393,88.814,88.863,88.626,0.0,0.0,0,11,8.278,0
UTG-SC,gf3,0.1,43,89.792,89.792,89.641,87.75,0.0,0.0,0,5,2.292,0
UTG-SC,flevoland,0.1,43,89.38,89.316,89.574,88.618,0.0,0.0,0,13,8.024,0
UTG-SC,gf3,0.5,42,91.542,91.542,91.604,89.85,0.0,0.0,0,4,1.458,0
UTG-SC,flevoland,0.5,42,94.918,94.397,94.585,94.551,0.0,0.0,0,13,3.587,0
UTG-SC,gf3,0.5,43,92.625,92.625,92.588,91.15,0.0,0.0,0,5,3.792,0
UTG-SC,flevoland,0.5,43,95.853,95.692,95.741,95.556,0.0,0.0,0,14,2.967,0
UTG-SC,gf3,1.0,42,95.625,95.625,95.618,94.75,0.0,0.0,0,4,1.292,0
UTG-SC,flevoland,1.0,42,96.804,96.226,96.379,96.574,0.0,0.0,0,12,2.244,0
UTG-SC,gf3,1.0,43,93.625,93.625,93.579,92.35,0.0,0.0,0,4,1.208,0
UTG-SC,flevoland,1.0,43,98.011,97.979,98.007,97.868,0.0,0.0,0,10,1.939,0
UTG-SC + Pair,gf3,0.1,42,91.083,91.083,91.062,,0.0,0.0,0,5,5.083,0
UTG-SC + Pair,flevoland,0.1,42,89.818,89.231,89.312,,0.0,0.0,0,11,8.703,0
UTG-SC + Pair,gf3,0.1,43,90.042,90.042,89.885,,0.0,0.0,0,5,2.542,0
UTG-SC + Pair,flevoland,0.1,43,90.054,89.982,90.212,,0.0,0.0,0,14,8.699,0
UTG-SC + Pair,gf3,0.5,42,91.625,91.625,91.692,,0.0,0.0,0,4,1.542,0
UTG-SC + Pair,flevoland,0.5,42,95.309,94.78,94.96,,0.0,0.0,0,13,3.978,0
UTG-SC + Pair,gf3,0.5,43,92.708,92.708,92.675,,0.0,0.0,0,5,3.875,0
UTG-SC + Pair,flevoland,0.5,43,96.359,96.24,96.287,,0.0,0.0,0,14,3.473,0
UTG-SC + Pair,gf3,1.0,42,95.625,95.625,95.618,,0.0,0.0,0,4,1.292,0
UTG-SC + Pair,flevoland,1.0,42,96.872,96.293,96.445,,0.0,0.0,0,12,2.312,0
UTG-SC + Pair,gf3,1.0,43,93.75,93.75,93.716,,0.0,0.0,0,5,1.333,0
UTG-SC + Pair,flevoland,1.0,43,98.129,98.095,98.123,,0.0,0.0,0,10,2.057,0
[abl] generic region,gf3,0.1,42,88.833,88.833,88.669,86.6,0.75,0.75,1,3,2.833,0
[abl] generic region,flevoland,0.1,42,88.492,87.931,87.672,87.66,0.0,0.0,0,12,7.377,0
[abl] generic region,gf3,0.1,43,89.542,89.542,89.369,87.45,0.75,0.75,1,4,2.042,0
[abl] generic region,flevoland,0.1,43,90.256,90.254,90.418,89.558,0.25,0.25,1,12,8.901,0
[abl] generic region,gf3,0.5,42,91.125,91.125,91.189,89.35,0.0,0.0,0,5,1.042,0
[abl] generic region,flevoland,0.5,42,94.799,94.287,94.462,94.423,0.0,0.0,0,14,3.468,0
[abl] generic region,gf3,0.5,43,92.583,92.583,92.52,91.1,0.0,0.0,0,5,3.75,0
[abl] generic region,flevoland,0.5,43,95.634,95.475,95.513,95.321,0.0,0.0,0,12,2.748,0
[abl] generic region,gf3,1.0,42,95.5,95.5,95.491,94.6,0.0,0.0,0,5,1.167,0
[abl] generic region,flevoland,1.0,42,96.736,96.159,96.311,96.501,1.0,1.0,1,12,2.176,0
[abl] generic region,gf3,1.0,43,93.458,93.458,93.404,92.15,0.0,0.0,0,3,1.042,0
[abl] generic region,flevoland,1.0,43,97.91,97.879,97.909,97.76,0.0,0.0,0,10,1.837,0
